Workbook

Sheet Summary
A2: 11653 Rivera Road - construction takeoff
A4: 563 SF rear addition + WIC/pantry remodel | Approved set dated July 17, 2024 | Quantities only; no prices
A6: Scope | B6: Quantity | C6: Unit | D6: Basis | E6: Notes
A7: New foundation slab | B7: ='Trade takeoff'!D11 -> 563 | C7: SF | D7: Stated | E7: Slab thickness conflict: 6 in vs 4 in.
A8: New continuous / thickened footing lines | B8: ='Trade takeoff'!D10 -> 125.1 | C8: LF | D8: Approximate | E8: 77 exterior + 22.3 interior + 25.8 connection edge.
A9: Isolated pad footings | B9: ='Trade takeoff'!D14 -> 2 | C9: EA | D9: Counted / conflict | E9: 2 pads; plan 1.5 ft square vs detail 2 ft square.
A10: Concrete budget, before 10% overage | B10: ='Trade takeoff'!D16 -> 17.490741 | C10: CY | D10: Allowance | E10: 6 in slab and conservative pad size; confirm engineer details.
A11: Wall framing, gross one-face area | B11: ='Trade takeoff'!D25 -> 1276 | C11: SF | D11: Approximate | E11: Openings included; addition plus existing remodel partitions.
A12: Ceiling joist coverage | B12: ='Trade takeoff'!D31 -> 563 | C12: SF | D12: Stated / plan | E12: New 2x10 @16 in OC; localized existing sistering extra.
A13: New floor joist coverage | B13: 0 | C13: SF | D13: Not shown | E13: 0 SF: new addition is slab on grade.
A14: Drywall, installed area | B14: ='Trade takeoff'!D37 -> 2158.6667 | C14: SF | D14: Approximate | E14: Net wall gypsum + ceilings; shower backer separate.
A15: Stucco, new net field area | B15: ='Trade takeoff'!D40 -> 556 | C15: SF | D15: Calculated | E15: 50 SF repair allowance listed separately.
A16: Roofing, full-house installed area | B16: ='Trade takeoff'!D45 -> 1715.4105 | C16: SF | D16: Approximate | E16: Includes existing house roof work; garage excluded.
A17: Roofing, addition-only subset | B17: ='Trade takeoff'!D44 -> 655.41667 | C17: SF | D17: Approximate | E17: Included in full-house figure; do not add together.
A18: Addition floor coverings | B18: ='Trade takeoff'!D52 -> 525 | C18: SF | D18: Approximate | E18: Clear-floor estimate; 65 SF remodel allowance separate.
A19: Electrical drawn quantities | D19: Counted | E19: 2 GFI, 5 switches, 2 smoke alarms, 1 CO alarm, 2 fan connections.
A20: Plumbing equipment / fixtures | D20: Counted / scheduled | E20: 2 toilets, 2 lavatories, 2 showers, 1 gas tankless heater.
A21: Mechanical equipment | D21: Energy schedule | E21: 1 furnace, 1 split AC, 1 balanced ventilation set, 2 bath fans.
A24: Items requiring clarification before ordering
A26: 1. S-2 slab: detail 1 specifies 6 in; detail 5 specifies 4 in. Concrete budget uses 6 in.
A27: 2. S-2 pads: plan labels 1.5x1.5 ft; detail 6 specifies 24 in square. Budget uses 2x2x2 ft.
A28: 3. Interior footing section is not separately keyed. Budget assumes exterior section; confirm with engineer.
A29: 4. Electrical circuit layout, service load, plumbing routes and HVAC duct sizes/locations are absent.
A30: 5. Pipe/cable/duct quantities marked Allowance are estimating assumptions, not measured routed lengths.
A31: 6. Roof area is scaled and uses average pitch; verify plane areas and existing-house demolition limits.
A32: 7. Finish flooring is not scheduled. Bath tile is assumed; owner must select remaining flooring.
A33: 8. Existing house walls/ceilings beyond identified remodel and garage work are excluded from new finish totals.
A34: 9. No exact lumber cut list, ridge/hip/valley schedule, hardware package or excavation/soil export takeoff.
A35: 10. Source: BSD Stamped Plans BLDR231213011868 - 11653 Rivera Rd.pdf, 13 pages.

Sheet Trade takeoff
A2: Construction quantities - 11653 Rivera Road
A4: Approximate estimating takeoff | Blue inputs are editable | Blank quantity = not measurable from supplied plans
A6: Trade | B6: Item | C6: Unit | D6: Installed qty | E6: Overage | F6: Budget qty | G6: Basis | H6: Sheet / PDF page | J6: Method / limitation
A7: Foundation | B7: Exposed exterior continuous footings | C7: LF | D7: =Measurements!B8 -> 77 | E7: 0 | F7: =D7*(1+E7) -> 77 | G7: Scaled approx. | H7: S-2 / PDF 11 | J7: New exposed perimeter only.
A8: Foundation | B8: Interior longitudinal thickened footing | C8: LF | D8: =Measurements!B9 -> 22.3 | E8: 0 | F8: =D8*(1+E8) -> 22.3 | G8: Scaled approx. | H8: S-2 / PDF 11 | J8: Section assumed same as exterior for budget; obtain engineer confirmation.
A9: Foundation | B9: Slab-to-existing turned-down edge | C9: LF | D9: =Measurements!B10 -> 25.8 | E9: 0 | F9: =D9*(1+E9) -> 25.8 | G9: Scaled approx. | H9: S-2 details 4-5 | J9: 12 in wide x 18 in deep; does not duplicate perimeter.
A10: Foundation | B10: TOTAL new continuous / thickened lines | C10: LF | D10: =SUM(D7:D9) -> 125.1 | E10: 0 | F10: =D10*(1+E10) -> 125.1 | G10: Calculated | H10: S-2 / PDF 11 | J10: Pads listed separately; includes connection edge.
A11: Foundation | B11: New foundation slab area | C11: SF | D11: =Measurements!B5 -> 563 | E11: 0 | F11: =D11*(1+E11) -> 563 | G11: Stated | H11: A-1; S-2 | J11: 6 in budget thickness; plan conflict unresolved.
A12: Foundation | B12: Slab concrete only - 6 in budget | C12: CY | D12: =D11*Measurements!B33/12/27 -> 10.425926 | E12: 0 | F12: =D12*(1+E12) -> 10.425926 | G12: Conflict / allowance | H12: S-2 details 1 and 5 | J12: Does not include footings. Alternative 4 in slab = 6.95 CY.
A13: Foundation | B13: Footing concrete below slab plane | C13: CY | D13: =(D7+D8)*Measurements!B31*(Measurements!B32-Measurements!B33/12)/27+D9*Measurements!B31*(Measurements!B34-Measurements!B33/12)/27 -> 6.4722222 | E13: 0 | F13: =D13*(1+E13) -> 6.4722222 | G13: Allowance | H13: S-2 / PDF 11 | J13: Interior footing section assumed; deducts slab overlap.
A14: Foundation | B14: Isolated pad footings | C14: EA | D14: =Measurements!B35 -> 2 | E14: 0 | F14: =D14*(1+E14) -> 2 | G14: Counted / conflict | H14: S-2 / PDF 11 | J14: Budget 2x2x2 ft each; plan calls 1.5x1.5 ft.
A15: Foundation | B15: Pad concrete | C15: CY | D15: =Measurements!B35*Measurements!B36*Measurements!B36*Measurements!B37/27 -> 0.59259259 | E15: 0 | F15: =D15*(1+E15) -> 0.59259259 | G15: Conflict / allowance | H15: S-2 detail 6 | J15: Full pad volume; existing-slab patch quantity not included.
A16: Foundation | B16: TOTAL concrete budget before overage | C16: CY | D16: =D12+D13+D15 -> 17.490741 | E16: 0.1 | F16: =D16*(1+E16) -> 19.239815 | G16: Allowance | H16: S-2 / PDF 11 | J16: Subject to slab/pad/footing clarification. Add 10% ordering allowance.
A17: Foundation | B17: Clean aggregate base | C17: CY | D17: =Measurements!B5*Measurements!B38/12/27 -> 6.9506173 | E17: 0.1 | F17: =D17*(1+E17) -> 7.645679 | G17: Calculated | H17: S-2 details 1 and 5 | J17: Compacted in-place quantity.
A18: Foundation | B18: Vapor barrier | C18: SF | D18: =Measurements!B5 -> 563 | E18: 0.1 | F18: =D18*(1+E18) -> 619.3 | G18: Conflict / allowance | H18: S-2 details 1 and 5 | J18: Budget 10 mil; detail 5 shows 6 mil.
A19: Foundation | B19: #4 slab reinforcing at 16 in EW | C19: LF | D19: =Measurements!B5*2/(16/12) -> 844.5 | E19: 0.15 | F19: =D19*(1+E19) -> 971.175 | G19: Area allowance | H19: S-2 / PDF 11 | J19: Area method excludes individual bar cuts; 15% laps/cutting.
A20: Foundation | B20: #4 longitudinal footing reinforcing | C20: LF | D20: =(D7+D8)*4+D9*2 -> 448.8 | E20: 0.15 | F20: =D20*(1+E20) -> 516.12 | G20: Allowance | H20: S-2 details 1 and 5 | J20: 4 bars typical exterior; 2 bottom bars connection edge; verify interior section.
A21: Foundation | B21: HDU4 hold-down locations | C21: EA | D21: 11 | E21: 0 | F21: =D21*(1+E21) -> 11 | G21: Counted | H21: S-2 / PDF 11 | J21: Includes cast-in and epoxy anchorage locations; verify anchor types.
A22: Foundation | B22: Slab connection dowels #5 @16 in | C22: EA | D22: =ROUNDUP(D9/(16/12),0)+1 -> 21 | E22: 0 | F22: =D22*(1+E22) -> 21 | G22: Calculated approx. | H22: S-2 detail 5 | J22: Additional footing end dowels per detail 4 not included.
A23: Wall framing | B23: Exterior framed wall, gross one-face area | C23: SF | D23: =Measurements!B8*Measurements!B7 -> 616 | E23: 0 | F23: =D23*(1+E23) -> 616 | G23: Scaled approx. | H23: A-3; S-2 | J23: One face; openings not deducted.
A24: Wall framing | B24: Interior framed wall, gross one-face area | C24: SF | D24: =(Measurements!B11+Measurements!B12)*Measurements!B7 -> 660 | E24: 0 | F24: =D24*(1+E24) -> 660 | G24: Scaled approx. | H24: A-3 / PDF 4 | J24: Addition plus WIC/pantry alterations.
A25: Wall framing | B25: TOTAL wall framing gross one-face area | C25: SF | D25: =D23+D24 -> 1276 | E25: 0 | F25: =D25*(1+E25) -> 1276 | G25: Calculated approx. | H25: A-3 / PDF 4 | J25: Not the two-sided drywall area.
A26: Wall framing | B26: TOTAL new framed wall length | C26: LF | D26: =Measurements!B8+Measurements!B11+Measurements!B12 -> 159.5 | E26: 0 | F26: =D26*(1+E26) -> 159.5 | G26: Scaled approx. | H26: A-3 / PDF 4 | J26: Opening spans included; retained existing walls excluded.
A27: Wall framing | B27: 2x4 common stud budget @16 in OC | C27: EA | D27: =ROUNDUP((Measurements!B8+Measurements!B11+Measurements!B12)/(16/12),0) -> 120 | E27: 0.25 | F27: =D27*(1+E27) -> 150 | G27: Allowance | H27: A-6.1; SD1 | J27: Add 25% for kings, jacks, corners and cripples; not an exact cut list.
A28: Wall framing | B28: Double top plates | C28: LF | D28: =2*(Measurements!B8+Measurements!B11+Measurements!B12) -> 319 | E28: 0.1 | F28: =D28*(1+E28) -> 350.9 | G28: Calculated approx. | H28: SD1 / PDF 13 | J28: DF-L per structural notes.
A29: Wall framing | B29: Bottom plates / PT sill | C29: LF | D29: =Measurements!B8+Measurements!B11+Measurements!B12 -> 159.5 | E29: 0.1 | F29: =D29*(1+E29) -> 175.45 | G29: Calculated approx. | H29: SD1; S-2 | J29: PT where in contact with concrete.
A30: Wall framing | B30: Scheduled shear wall panel area | C30: SF | D30: =(4+4/12+10+6.5+5+9+12)*Measurements!B7 -> 374.66667 | E30: 0.1 | F30: =D30*(1+E30) -> 412.13333 | G30: Scheduled calculation | H30: S-3 / PDF 12 | J30: Six tagged lengths; gross panel area. 15/32 in structural panels.
A31: Joists | B31: New ceiling joist coverage, 2x10 @16 in OC | C31: SF | D31: =Measurements!B5 -> 563 | E31: 0 | F31: =D31*(1+E31) -> 563 | G31: Stated / plan | H31: S-3; A-6.1 | J31: Addition ceiling only; existing ceiling joists generally remain.
A32: Joists | B32: New ceiling joist lumber, area-based budget | C32: LF | D32: =D31/(16/12) -> 422.25 | E32: 0.1 | F32: =D32*(1+E32) -> 464.475 | G32: Allowance | H32: S-3 / PDF 12 | J32: Includes basic joist runs only; add double/sistered members separately.
A33: Joists | B33: Existing ceiling joist retained coverage | C33: SF | D33: =Measurements!B6 -> 908 | E33: 0 | F33: =D33*(1+E33) -> 908 | G33: Stated / existing | H33: S-3 / PDF 12 | J33: Existing 908 SF; localized sistering and beams require field lengths.
A34: Joists | B34: New raised-floor / floor joist area | C34: SF | D34: 0 | E34: 0 | F34: =D34*(1+E34) -> 0 | G34: Not shown | H34: S-2 / PDF 11 | J34: Slab-on-grade construction; no new framed floor indicated.
A35: Drywall | B35: New/altered wall gypsum net area | C35: SF | D35: =Measurements!B13-Measurements!B14+2*D24-2*Measurements!B15*Measurements!B16*Measurements!B17-2*Measurements!B18 -> 1530.6667 | E35: 0 | F35: =D35*(1+E35) -> 1530.6667 | G35: Calculated approx. | H35: A-3; A-6 | J35: Exterior interior face + both partition faces; deduct door openings and assumed shower backer.
A36: Drywall | B36: Ceiling gypsum: addition + remodel allowance | C36: SF | D36: =Measurements!B5+Measurements!B19 -> 628 | E36: 0 | F36: =D36*(1+E36) -> 628 | G36: Calculated + allowance | H36: A-3; S-3 | J36: Existing-house ceiling replacement beyond 65 SF not included.
A37: Drywall | B37: TOTAL installed gypsum board area | C37: SF | D37: =D35+D36 -> 2158.6667 | E37: 0.1 | F37: =D37*(1+E37) -> 2374.5333 | G37: Calculated approx. | H37: A-3; A-6 | J37: Wall and ceiling totals; shower backer separate.
A38: Drywall | B38: 4x8 gypsum sheet equivalent with waste | C38: EA | D38: =ROUNDUP(D37*(1+Measurements!B28)/32,0) -> 75 | E38: 0 | F38: =D38*(1+E38) -> 75 | G38: Material allowance | H38: Estimator calculation | J38: Sheet-equivalent budget; select actual thickness / board lengths.
A39: Drywall | B39: Shower cementitious backer wall area | C39: SF | D39: =2*Measurements!B18 -> 132 | E39: 0.1 | F39: =D39*(1+E39) -> 145.2 | G39: Allowance | H39: A-3 keynotes | J39: Waterproofing and tile finish also required.
A40: Stucco | B40: New exterior stucco net field area | C40: SF | D40: =Measurements!B13-Measurements!B14 -> 556 | E40: 0.1 | F40: =D40*(1+E40) -> 611.6 | G40: Calculated approx. | H40: A-5; A-6 | J40: CTS Rapid Set one-coat system to match existing; excludes added tie-in patch allowance.
A41: Stucco | B41: Stucco tie-in / repair patch | C41: SF | D41: 50 | E41: 0 | F41: =D41*(1+E41) -> 50 | G41: Allowance | H41: A-3; A-5 | J41: Confirm demolition edges and existing finish condition.
A42: Stucco | B42: Weather barrier and lath gross area | C42: SF | D42: =Measurements!B13 -> 613 | E42: 0.1 | F42: =D42*(1+E42) -> 674.3 | G42: Stated area | H42: A-5; A-6 | J42: No opening deduction for membrane/lath budgeting.
A43: Stucco | B43: Weep screed new exposed walls | C43: LF | D43: =Measurements!B8 -> 77 | E43: 0.1 | F43: =D43*(1+E43) -> 84.7 | G43: Scaled approx. | H43: A-5 detail 3 | J43: Verify transitions at existing-house junctions.
A44: Roofing | B44: Addition-only sloped roof area | C44: SF | D44: =Measurements!B24*SQRT(1+(Measurements!B26/12)^2) -> 655.41667 | E44: 0.15 | F44: =D44*(1+E44) -> 753.72917 | G44: Scaled approx. | H44: A-4 / PDF 5 | J44: Subset of full roof below; do not add together.
A45: Roofing | B45: FULL HOUSE sloped roof area | C45: SF | D45: =Measurements!B25*SQRT(1+(Measurements!B27/12)^2) -> 1715.4105 | E45: 0.15 | F45: =D45*(1+E45) -> 1972.722 | G45: Scaled approx. | H45: A-4; S-3; A-5 | J45: Roof alteration shown throughout house; garage excluded. Confirm demolition limits.
A46: Roofing | B46: Full house roofing squares with waste | C46: SQ | D46: =D45*(1+Measurements!B29)/100 -> 19.72722 | E46: 0 | F46: =D46*(1+E46) -> 19.72722 | G46: Material allowance | H46: A-4; A-5 | J46: Class A composition shingles over min. 30 lb felt.
A47: Roofing | B47: Full roof underlayment | C47: SF | D47: =D45 -> 1715.4105 | E47: 0.1 | F47: =D47*(1+E47) -> 1886.9515 | G47: Scaled approx. | H47: A-5 keynote 4 | J47: Min. 30 lb felt; add lap/cutting allowance.
A48: Roofing | B48: Full roof 15/32 in structural sheathing | C48: SF | D48: =D45 -> 1715.4105 | E48: 0.1 | F48: =D48*(1+E48) -> 1886.9515 | G48: Scaled approx. | H48: S-3 / PDF 12 | J48: New roof rafters labeled across house; verify retained sheathing scope.
A49: Roofing | B49: Addition eave vents GAF VE3522 | C49: EA | D49: 14 | E49: 0 | F49: =D49*(1+E49) -> 14 | G49: Stated | H49: A-4 ventilation calculation | J49: 41 square inches net free area each; 574 square inches total.
A50: Roof framing | B50: Full roof 2x10 rafter coverage | C50: SF | D50: =D45 -> 1715.4105 | E50: 0 | F50: =D50*(1+E50) -> 1715.4105 | G50: Scaled approx. | H50: S-3 / PDF 12 | J50: New 2x10 rafters @16 in OC labeled across roof plan.
A51: Roof framing | B51: Full roof rafter lumber area-based budget | C51: LF | D51: =D45/(16/12) -> 1286.5579 | E51: 0.15 | F51: =D51*(1+E51) -> 1479.5415 | G51: Allowance | H51: S-3 / PDF 12 | J51: Excludes separate hips, ridges, valleys, kickers and bearing posts.
A52: Floor coverings | B52: Addition finish floor area, all rooms | C52: SF | D52: =Measurements!B20 -> 525 | E52: 0.1 | F52: =D52*(1+E52) -> 577.5 | G52: Scaled approx. | H52: A-3 / PDF 4 | J52: Finish selection not scheduled; clear-floor estimate excludes wall footprints.
A53: Floor coverings | B53: Bath floors excluding shower footprints | C53: SF | D53: =Measurements!B21-2*Measurements!B22 -> 78.3 | E53: 0.1 | F53: =D53*(1+E53) -> 86.13 | G53: Dimension + allowance | H53: A-3 / PDF 4 | J53: Assumed tile; included in total addition finish floor.
A54: Floor coverings | B54: Shower tiled / waterproofed floors | C54: SF | D54: =2*Measurements!B22 -> 30 | E54: 0.1 | F54: =D54*(1+E54) -> 33 | G54: Allowance | H54: A-3 keynotes | J54: Included in total bath and addition floor areas.
A55: Floor coverings | B55: Bedrooms, hall and closet flooring | C55: SF | D55: =Measurements!B20-Measurements!B21 -> 416.7 | E55: 0.1 | F55: =D55*(1+E55) -> 458.37 | G55: Calculated approx. | H55: A-3 / PDF 4 | J55: Owner to select finish; included in total addition floor.
A56: Floor coverings | B56: Existing WIC / pantry finish floor | C56: SF | D56: =Measurements!B23 -> 65 | E56: 0.1 | F56: =D56*(1+E56) -> 71.5 | G56: Allowance | H56: A-3 / PDF 4 | J56: Separate from addition finish flooring.
A57: Floor coverings | B57: Shower wall tile | C57: SF | D57: =2*Measurements!B18 -> 132 | E57: 0.1 | F57: =D57*(1+E57) -> 145.2 | G57: Allowance | H57: A-3 keynotes | J57: Minimum 72 in high wall finish; material pattern may increase waste.
A58: Electrical | B58: New bathroom GFI receptacles | C58: EA | D58: 2 | E58: 0 | F58: =D58*(1+E58) -> 2 | G58: Counted | H58: A-3 / PDF 4 | J58: One in each new bath.
A59: Electrical | B59: New single-pole switch symbols | C59: EA | D59: 5 | E59: 0 | F59: =D59*(1+E59) -> 5 | G59: Counted | H59: A-3 / PDF 4 | J59: Two baths, two bedrooms, WIC; circuit grouping not shown.
A60: Electrical | B60: New smoke detector symbols | C60: EA | D60: 2 | E60: 0 | F60: =D60*(1+E60) -> 2 | G60: Counted | H60: A-3 / PDF 4 | J60: Bedroom 3 and 4; hardwired with backup.
A61: Electrical | B61: New carbon monoxide alarm symbol | C61: EA | D61: 1 | E61: 0 | F61: =D61*(1+E61) -> 1 | G61: Counted | H61: A-3 / PDF 4 | J61: New hall; hardwired with backup.
A62: Electrical | B62: New bathroom fan/light electrical connections | C62: EA | D62: 2 | E62: 0 | F62: =D62*(1+E62) -> 2 | G62: Counted | H62: A-3 / PDF 4 | J62: Fan symbols; fixtures/fans owned by mechanical below, do not double-count purchase.
A63: Electrical | B63: General bedroom receptacles / AFCI circuits | C63: EA | D63: 10 | E63: 0 | F63: =D63*(1+E63) -> 10 | G63: Allowance | H63: A-3 layout only | J63: 5 per bedroom for budgeting; receptacle layout and circuit design required.
A64: Electrical | B64: Bedroom ceiling lights | C64: EA | D64: 2 | E64: 0 | F64: =D64*(1+E64) -> 2 | G64: Allowance | H64: A-3 layout only | J64: No separate bedroom light symbols; one per room budget.
A65: Electrical | B65: Hall ceiling lights | C65: EA | D65: 2 | E65: 0 | F65: =D65*(1+E65) -> 2 | G65: Allowance | H65: A-3 layout only | J65: Lighting locations not drawn.
A66: Electrical | B66: Walk-in closet light | C66: EA | D66: 1 | E66: 0 | F66: =D66*(1+E66) -> 1 | G66: Allowance | H66: A-3 layout only | J66: Switch drawn; separate luminaire not drawn.
A67: Electrical | B67: Bath luminaires | C67: EA | D67: 2 | E67: 0 | F67: =D67*(1+E67) -> 2 | G67: Allowance | H67: A-3 layout only | J67: May be integrated with fans; verify selection before ordering.
A68: Electrical | B68: 12/2 NM cable | C68: LF | D68: 350 | E68: 0.1 | F68: =D68*(1+E68) -> 385 | G68: Allowance | H68: Estimator assumption | J68: Bathroom / receptacle circuits, 70 LF average x 5 runs; no circuit routes drawn.
A69: Electrical | B69: 14/2 NM cable | C69: LF | D69: 200 | E69: 0.1 | F69: =D69*(1+E69) -> 220 | G69: Allowance | H69: Estimator assumption | J69: Lighting: five 40 LF equivalent runs; verify circuit ampacity.
... A72: Electrical | B72: Panel / service capacity and HVAC circuits | C72: LOT | D72: 1 | E72: 0 | F72: =D72*(1+E72) -> 1 | G72: Unquantified scope | H72: A-3; A-6.1 | J72: No panel ampacity, load calc, breaker schedule or feeder routes; electrician to price separately.
A73: Electrical | B73: Exterior GFI outlets / exterior fixtures / 3-way switches | C73: LOT | E73: 0 | G73: Not drawn | H73: A-3 / PDF 4 | J73: No countable symbols in work area; design clarification required.
A74: Plumbing | B74: New water closets | C74: EA | D74: 2 | E74: 0 | F74: =D74*(1+E74) -> 2 | G74: Counted | H74: A-3 / PDF 4 | J74: Two new bathrooms; existing bath fixtures excluded.
A75: Plumbing | B75: New lavatory basins / faucets | C75: EA | D75: 2 | E75: 0 | F75: =D75*(1+E75) -> 2 | G75: Counted | H75: A-3 / PDF 4 | J75: One lavatory per new bath.
A76: Plumbing | B76: New shower assemblies, valve/head/drain | C76: SET | D76: 2 | E76: 0 | F76: =D76*(1+E76) -> 2 | G76: Counted | H76: A-3 / PDF 4 | J76: Two showers; include waterproof pans and drain connections.
A77: Plumbing | B77: Gas tankless water heater | C77: EA | D77: 1 | E77: 0 | F77: =D77*(1+E77) -> 1 | G77: Energy schedule | H77: A-6.1 CF1R p8 / PDF 8 | J77: 200,000 BTU/hr, UEF 0.81; altered DHW system. Confirm actual replacement scope.
A78: Plumbing | B78: Cold-water piping | C78: LF | D78: 180 | E78: 0.1 | F78: =D78*(1+E78) -> 198 | G78: Allowance | H78: No pipe routes drawn | J78: 60 LF tie-in trunk + 6 fixture branches x 20 LF; sizes by plumbing design.
A79: Plumbing | B79: Hot-water piping | C79: LF | D79: 120 | E79: 0.1 | F79: =D79*(1+E79) -> 132 | G79: Allowance | H79: No pipe routes drawn | J79: 40 LF trunk + 4 hot fixture branches x 20 LF; heater location unmarked.
A80: Plumbing | B80: Sanitary drain piping, mixed sizes | C80: LF | D80: 90 | E80: 0.1 | F80: =D80*(1+E80) -> 99 | G80: Allowance | H80: No drain routes drawn | J80: 40 LF collector + 6 branches averaging 8.33 LF; sewer tie-in location unknown.
A81: Plumbing | B81: Vent piping | C81: LF | D81: 45 | E81: 0.1 | F81: =D81*(1+E81) -> 49.5 | G81: Allowance | H81: No vent routes drawn | J81: Two bath groups x 22.5 LF average; confirm stack routes.
A82: Plumbing | B82: Cleanouts | C82: EA | D82: 3 | E82: 0 | F82: =D82*(1+E82) -> 3 | G82: Allowance | H82: No drain routes drawn | J82: Two bath groups + tie-in; verify final layout.
A83: Plumbing | B83: Gas piping / heater vent and utility tie-ins | C83: LOT | D83: 1 | E83: 0 | F83: =D83*(1+E83) -> 1 | G83: Unquantified scope | H83: A-6.1 / PDF 8 | J83: Lengths unavailable; check gas load/capacity for furnace and 200k BTU heater.
A84: Plumbing | B84: New hose bibbs | C84: EA | E84: 0 | G84: Not drawn | H84: A-3 / PDF 4 | J84: No hose bibb location shown; do not treat as a measured zero.
A85: Mechanical | B85: Central gas furnace | C85: EA | D85: 1 | E85: 0 | F85: =D85*(1+E85) -> 1 | G85: Energy schedule | H85: A-6.1 CF1R p9 / PDF 8 | J85: 80 AFUE; capacity and location not scheduled.
A86: Mechanical | B86: Central split AC system | C86: SET | D86: 1 | E86: 0 | F86: =D86*(1+E86) -> 1 | G86: Energy schedule | H86: A-6.1 CF1R p9 / PDF 8 | J86: SEER2 14.3 / EER2 11.7; tonnage by load calculation.
A87: Mechanical | B87: Setback thermostat | C87: EA | D87: 1 | E87: 0 | F87: =D87*(1+E87) -> 1 | G87: Energy schedule | H87: A-6.1 CF1R p9 / PDF 8 | J87: Heating/cooling system control.
A88: Mechanical | B88: Balanced heat/energy recovery ventilation | C88: SET | D88: 1 | E88: 0 | F88: =D88*(1+E88) -> 1 | G88: Energy schedule | H88: A-6.1 CF1R p11 / PDF 8 | J88: 70 CFM, 0.3 W/CFM, SRE/ASRE 65/70; duct routes not provided.
A89: Mechanical | B89: New bathroom exhaust fans | C89: EA | D89: 2 | E89: 0 | F89: =D89*(1+E89) -> 2 | G89: Counted | H89: A-3 / PDF 4 | J89: Minimum 50 CFM, Energy Star with humidistat; existing bath fan excluded.
A90: Mechanical | B90: Bath exhaust duct / terminations | C90: LF | D90: 30 | E90: 0.1 | F90: =D90*(1+E90) -> 33 | G90: Allowance | H90: A-3 notes | J90: 2 x 15 LF average; separate terminations, fittings and mounting.
A91: Mechanical | B91: New supply registers | C91: EA | D91: 4 | E91: 0 | F91: =D91*(1+E91) -> 4 | G91: Allowance | H91: No duct plan | J91: Two bedrooms + two baths; HVAC designer to confirm.
A92: Mechanical | B92: New/extended supply ducts | C92: LF | D92: 100 | E92: 0.1 | F92: =D92*(1+E92) -> 110 | G92: Allowance | H92: No duct plan | J92: 4 branches averaging 25 LF; duct size and total scope subject to design.
A93: Mechanical | B93: Return-air / transfer-air modifications | C93: LOT | D93: 1 | E93: 0 | F93: =D93*(1+E93) -> 1 | G93: Unquantified scope | H93: A-6.1 / PDF 8 | J93: Existing/new ducts indicated; no route or register schedule.
A94: Mechanical | B94: AC refrigerant line, condensate and ventilation ducting | C94: LOT | D94: 1 | E94: 0 | F94: =D94*(1+E94) -> 1 | G94: Unquantified scope | H94: A-6.1 / PDF 8 | J94: Equipment positions unknown; contractor layout needed for lengths.
A95: Mechanical | B95: HERS testing / commissioning | C95: LOT | D95: 1 | E95: 0 | F95: =D95*(1+E95) -> 1 | G95: Stated requirement | H95: A-6; A-6.1 | J95: Refrigerant-charge verification and duct leakage testing indicated.
A96: Insulation | B96: R-13 new exterior wall insulation | C96: SF | D96: =Measurements!B13-Measurements!B14 -> 556 | E96: 0.1 | F96: =D96*(1+E96) -> 611.6 | G96: Energy schedule | H96: A-6.1 CF1R p7 / PDF 8 | J96: 2x4 walls at16 in OC; opening deductions.
A97: Insulation | B97: R-30 addition ceiling insulation | C97: SF | D97: =Measurements!B5 -> 563 | E97: 0.1 | F97: =D97*(1+E97) -> 619.3 | G97: Energy schedule | H97: A-6.1 CF1R p7 / PDF 8 | J97: Addition ceiling only.
A98: Openings | B98: New 3x4 single-hung windows | C98: EA | D98: 4 | E98: 0 | F98: =D98*(1+E98) -> 4 | G98: Counted | H98: A-3 / PDF 4 | J98: Tag 1; check egress specifications before selection.
A99: Openings | B99: New 3x1.5 slider windows | C99: EA | D99: 2 | E99: 0 | F99: =D99*(1+E99) -> 2 | G99: Counted | H99: A-3 / PDF 4 | J99: Tag 2; one per bath.
A100: Openings | B100: New 2 ft 8 in x 6 ft 8 in hinged doors | C100: EA | D100: =Measurements!B15 -> 6 | E100: 0 | F100: =D100*(1+E100) -> 6 | G100: Counted | H100: A-3 / PDF 4 | J100: Schedule count excludes shower enclosures and closet opening.
A101: Openings | B101: Shower glass enclosures | C101: SET | D101: 2 | E101: 0 | F101: =D101*(1+E101) -> 2 | G101: Counted / selection | H101: A-3 keynotes | J101: Tempered glass; final sizes by field measure.

Sheet Measurements
A2: Measurement basis - 11653 Rivera Road
A4: Input / measurement | B4: Value | C4: Unit | D4: Basis | E4: Sheet / PDF page | F4: Method / limitation
A5: New addition gross floor area | B5: 563 | C5: SF | D5: Stated | E5: A-1 / PDF 1; A-6 / PDF 7 | F5: Authoritative project area; includes wall footprints.
A6: Existing conditioned house | B6: 908 | C6: SF | D6: Stated | E6: A-1 / PDF 1; A-6 / PDF 7 | F6: Existing house; garage excluded.
A7: Wall height | B7: 8 | C7: FT | D7: Stated | E7: A-5 / PDF 6; A-6 / PDF 7 | F7: Typical ceiling height.
A8: New exposed exterior footing length | B8: 77 | C8: LF | D8: Scaled approx. | E8: S-2 / PDF 11; A-6 CF1R p6 | F8: Trace of exposed stepped perimeter; energy report also lists 77 LF slab exposed perimeter.
A9: Interior longitudinal footing | B9: 22.3 | C9: LF | D9: Scaled approx. | E9: S-2 / PDF 11 | F9: Thickened line beneath east hall wall; section not independently specified.
A10: Slab connection / turned-down edge | B10: 25.8 | C10: LF | D10: Scaled approx. | E10: S-2 details 4-5 / PDF 11 | F10: Across existing-house interface; separate from exposed perimeter.
A11: New partitions within addition | B11: 64.2 | C11: LF | D11: Scaled approx. | E11: A-3 / PDF 4 | F11: Hall sides, bathroom walls and closet partitions; includes openings.
A12: New partitions in existing remodel | B12: 18.3 | C12: LF | D12: Scaled approx. | E12: A-3 / PDF 4 | F12: Walk-in closet and pantry alterations; retained walls excluded as practicable.
A13: New exterior wall gross area | B13: 613 | C13: SF | D13: Stated | E13: A-6 CF1R p4 / PDF 7 | F13: 203 left + 207 rear + 203 right; differs slightly from scaled length x height.
A14: New window opening area | B14: 57 | C14: SF | D14: Count x schedule | E14: A-3 / PDF 4 | F14: 4 windows x 3x4 + 2 windows x 3x1.5; energy model lists 58 SF.
A15: New hinged interior doors | B15: 6 | C15: EA | D15: Counted | E15: A-3 / PDF 4 | F15: 2 baths, 2 bedrooms, hall door and walk-in closet; excludes closet opening.
A16: Hinged door width | B16: 2.6666667 | C16: FT | D16: Stated | E16: A-3 door schedule / PDF 4 | F16: Confirm required accessible clear openings before procurement.
... A38: Aggregate base depth | B38: 4 | C38: IN | D38: Stated | E38: S-2 details 1 and 5 / PDF 11 | F38: 4 in clean aggregate.
